,Model,TPR,TPR SD,TPR CI,TNR,TNR SD,TNR CI,PPV,PPV SD,PPV CI,NPV,NPV SD,NPV CI,FPR,FPR SD,FPR CI,FNR,FNR SD,FNR CI,Acc,Acc SD,Acc CI,AUC,AUC SD,AUC CI
Escape,KNN,0.45997599303225895,0.854248192930063,0.01884397007635356,0.8209029771682492,0.596032905455523,0.053357932870443964,0.5627473960374654,0.5924666448638615,0.02359445645824689,0.8362009244342817,0.4135352283363499,0.054614954328226065,0.1790970228317508,0.5960329054555231,0.053357932870443964,0.540024006967741,0.854248192930063,0.01884397007635354,0.865135871370673,0.2933038660161007,0.056916655640317365,0.6326526580206128,0.3881999136755582,0.03430600143606284
Escape,DT,0.96225997645435,0.17826115639272977,0.06404058192195847,0.993664165529211,0.022101039487941867,0.06618017708515998,0.9230206920432685,0.2986963117789048,0.06126224797281164,0.9913191818283323,0.03308874046049726,0.0660228067689714,0.006335834470788993,0.022101039487941843,0.06618017708515998,0.03774002354565015,0.17826115639272977,0.06404058192195845,0.9926064713308085,0.018353072083321875,0.06610924229992221,0.977686599927833,0.09127981548553722,0.06510039931840017
Escape,RF,0.8343685300207039,0.6037247200392138,0.05446591715442208,0.9906432748538012,0.03763748424529333,0.0659773774070418,0.9675287041158873,0.17106086922301147,0.06440450742570217,0.9967000235068367,0.012083579635327404,0.06638335739678955,0.00935672514619883,0.03763748424529332,0.0659773774070418,0.16563146997929606,0.603724720039214,0.05446591715442209,0.9935313268221381,0.013996678072613627,0.06617127236687458,0.9120990883004613,0.29686442800126267,0.06046623812444097
