,Model,TPR,TPR SD,TPR CI,TNR,TNR SD,TNR CI,PPV,PPV SD,PPV CI,NPV,NPV SD,NPV CI,FPR,FPR SD,FPR CI,FNR,FNR SD,FNR CI,Acc,Acc SD,Acc CI,AUC,AUC SD,AUC CI
Escape,KNN,0.2538101730376773,0.30811884497991326,0.06726946594914766,0.8105077183948391,0.292851395457245,0.07554733143541544,0.29197395962151346,0.3947576521599835,0.06183605569034691,0.8107544368480535,0.2195136566923253,0.07557733909491243,0.18949228160516074,0.292851395457245,0.07554733143541544,0.7461898269623226,0.3081188449799132,0.06726946594914765,0.7262535857716581,0.2940944546011845,0.06448826068386888,0.5321589457162582,0.09757222419724033,0.02431273573591598
Escape,DT,0.4769615295570304,0.5227763353701735,0.02057831209032121,0.8680674403549373,0.2042245608805693,0.08225203067162168,0.4829768093104006,0.544813221522094,0.017689005229124827,0.8679223277209925,0.19863312643219477,0.08223581491306631,0.13193255964506262,0.20422456088056928,0.08225203067162168,0.5230384704429696,0.5227763353701735,0.02057831209032121,0.8057831325301206,0.248657943980708,0.07497037634824612,0.672514484955984,0.30340508195513377,0.056311320447662815
Escape,RF,0.4312500214367787,0.7720708750969333,0.03554833071326783,0.8770621244318403,0.30358885349989095,0.08325098551702997,0.4557354865128382,0.5938144305643186,0.028524022865674722,0.8881891002258228,0.14749505655354075,0.08447040894710696,0.12293787556815979,0.30358885349989095,0.08325098551702996,0.5687499785632213,0.7720708750969333,0.03554833071326783,0.831566265060241,0.22565436943568248,0.07806710902339063,0.6541560729343093,0.33727329880537005,0.05323083116510988
