,TPR,TPR SD,TPR CI,TNR,TNR SD,TNR CI,PPV,PPV SD,PPV CI,NPV,NPV SD,NPV CI,FPR,FPR SD,FPR CI,FNR,FNR SD,FNR CI,Acc,Acc SD,Acc CI,AUC,AUC SD,AUC CI
KNN,0.2538101730376773,0.30811884497991326,0.06726946594914766,0.8105077183948393,0.292851395457245,0.07554733143541544,0.29197395962151346,0.39475765215998343,0.06183605569034691,0.8107544368480535,0.2195136566923253,0.07557733909491243,0.1894922816051608,0.292851395457245,0.07554733143541544,0.7461898269623228,0.30811884497991326,0.06726946594914768,0.726253585771658,0.29409445460118444,0.06448826068386888,0.5321589457162582,0.09757222419724033,0.02431273573591598
DT,0.4769615295570304,0.5227763353701735,0.02057831209032121,0.8680674403549375,0.2042245608805693,0.08225203067162169,0.4829768093104006,0.544813221522094,0.017689005229124827,0.8679223277209925,0.19863312643219472,0.08223581491306631,0.13193255964506262,0.20422456088056928,0.08225203067162168,0.5230384704429696,0.5227763353701735,0.02057831209032121,0.8057831325301206,0.248657943980708,0.07497037634824612,0.672514484955984,0.3034050819551337,0.056311320447662815
RF,0.4312500214367786,0.7720708750969333,0.03554833071326786,0.8770621244318403,0.30358885349989095,0.08325098551702997,0.4557354865128383,0.5938144305643186,0.02852402286567471,0.8881891002258229,0.14749505655354078,0.08447040894710697,0.12293787556815979,0.3035888534998909,0.08325098551702996,0.5687499785632213,0.7720708750969333,0.03554833071326783,0.831566265060241,0.22565436943568248,0.07806710902339063,0.6541560729343093,0.33727329880537005,0.05323083116510988
